Story,Ders Bandı,Senaryo,Eğitim Kontrolü,Görseller,Ses,Quiz,Uygulama,YouTube,Etsy,KDP,Not
Story 001,Ders 1–2,Bekliyor,Bekliyor,Bekliyor,Bekliyor,Bekliyor,Bekliyor,Bekliyor,Bekliyor,Bekliyor,
Story 002,Ders 3–4,Bekliyor,Bekliyor,Bekliyor,Bekliyor,Bekliyor,Bekliyor,Bekliyor,Bekliyor,Bekliyor,
Story 003,Ders 5–7,Bekliyor,Bekliyor,Bekliyor,Bekliyor,Bekliyor,Bekliyor,Bekliyor,Bekliyor,Bekliyor,
Story 004,Ders 8–10,Bekliyor,Bekliyor,Bekliyor,Bekliyor,Bekliyor,Bekliyor,Bekliyor,Bekliyor,Bekliyor,
Story 005,Ders 11–12,Bekliyor,Bekliyor,Bekliyor,Bekliyor,Bekliyor,Bekliyor,Bekliyor,Bekliyor,Bekliyor,
Story 006,Ders 13–15,Bekliyor,Bekliyor,Bekliyor,Bekliyor,Bekliyor,Bekliyor,Bekliyor,Bekliyor,Bekliyor,
Story 007,Ders 16–18,Bekliyor,Bekliyor,Bekliyor,Bekliyor,Bekliyor,Bekliyor,Bekliyor,Bekliyor,Bekliyor,
Story 008,Ders 19–21,Bekliyor,Bekliyor,Bekliyor,Bekliyor,Bekliyor,Bekliyor,Bekliyor,Bekliyor,Bekliyor,
Story 009,Ders 22–24,Bekliyor,Bekliyor,Bekliyor,Bekliyor,Bekliyor,Bekliyor,Bekliyor,Bekliyor,Bekliyor,
Story 010,Ders 25–27,Bekliyor,Bekliyor,Bekliyor,Bekliyor,Bekliyor,Bekliyor,Bekliyor,Bekliyor,Bekliyor,
Story 011,Ders 28–30,Bekliyor,Bekliyor,Bekliyor,Bekliyor,Bekliyor,Bekliyor,Bekliyor,Bekliyor,Bekliyor,
Story 012,Ders 31–34,Bekliyor,Bekliyor,Bekliyor,Bekliyor,Bekliyor,Bekliyor,Bekliyor,Bekliyor,Bekliyor,
Story 013,Ders 35–37,Bekliyor,Bekliyor,Bekliyor,Bekliyor,Bekliyor,Bekliyor,Bekliyor,Bekliyor,Bekliyor,
Story 014,Ders 38–40,Bekliyor,Bekliyor,Bekliyor,Bekliyor,Bekliyor,Bekliyor,Bekliyor,Bekliyor,Bekliyor,
Story 015,Ders 41–43,Bekliyor,Bekliyor,Bekliyor,Bekliyor,Bekliyor,Bekliyor,Bekliyor,Bekliyor,Bekliyor,
Story 016,Ders 44–47,Bekliyor,Bekliyor,Bekliyor,Bekliyor,Bekliyor,Bekliyor,Bekliyor,Bekliyor,Bekliyor,
Story 017,Ders 48–50,Bekliyor,Bekliyor,Bekliyor,Bekliyor,Bekliyor,Bekliyor,Bekliyor,Bekliyor,Bekliyor,
Story 018,Ders 51–53,Bekliyor,Bekliyor,Bekliyor,Bekliyor,Bekliyor,Bekliyor,Bekliyor,Bekliyor,Bekliyor,
Story 019,Ders 54–55,Bekliyor,Bekliyor,Bekliyor,Bekliyor,Bekliyor,Bekliyor,Bekliyor,Bekliyor,Bekliyor,
Story 020,Ders 56–59,Bekliyor,Bekliyor,Bekliyor,Bekliyor,Bekliyor,Bekliyor,Bekliyor,Bekliyor,Bekliyor,
Story 021,Ders 60–62,Bekliyor,Bekliyor,Bekliyor,Bekliyor,Bekliyor,Bekliyor,Bekliyor,Bekliyor,Bekliyor,
Story 022,Ders 63–65,Bekliyor,Bekliyor,Bekliyor,Bekliyor,Bekliyor,Bekliyor,Bekliyor,Bekliyor,Bekliyor,
